Order_ID,Order_Date,Customer_Name,City,Category,Product,Quantity,Unit_Price,Payment_Method,Order_Status,Rating
1001,2026-04-03,Kiran,Bangalore,Clothing,Jeans,4,1299,Cash on Delivery,Completed,4.6
1002,2026-07-22,Anil,Delhi,Clothing,Jeans,3,1299,UPI,Pending,4.2
1003,2026-06-07,Rahul,Vijayawada,Electronics,Keyboard,4,1200,Net Banking,Cancelled,
1004,2026-07-23,Meena,Hyderabad,Electronics,Bluetooth Speaker,1,2200,UPI,Completed,4.0
1005,2026-06-19,Varun,Delhi,Home,Backpack,3,899,Card,Completed,4.9
1006,2026-04-18,Anil,Pune,Books,Data Analytics,3,699,Cash on Delivery,Completed,4.2
1007,2026-03-14,Pooja,Bangalore,Clothing,Jeans,5,1299,Card,Completed,4.9
1008,2026-02-22,Varun,Mumbai,Clothing,Sneakers,2,2499,Cash on Delivery,Completed,
1009,2026-01-08,Priya,Bangalore,Home,Desk Lamp,5,1199,Net Banking,Completed,4.8
1010,2026-05-14,Aisha,Mumbai,Electronics,Smart Watch,2,3500,Card,Cancelled,
1011,2026-08-06,Priya,Delhi,Home,Water Bottle,2,599,Cash on Delivery,Completed,4.9
1012,2026-07-09,Kavya,Warangal,Books,Web Development,4,849,UPI,Pending,3.8
1013,2026-08-05,Rohit,Hyderabad,Clothing,Hoodie,2,1599,UPI,Completed,4.2
1014,2026-03-06,Rakesh,Mumbai,Books,Data Analytics,5,699,Net Banking,Completed,5.0
1015,2026-08-31,Anil,Hyderabad,Clothing,Hoodie,3,1599,Cash on Delivery,Completed,4.4
1016,2026-08-19,Kiran,Hyderabad,Electronics,Bluetooth Speaker,2,2200,Net Banking,Completed,3.2
1017,2026-02-02,Sneha,Chennai,Home,Desk Lamp,2,1199,Net Banking,Cancelled,
1018,2026-02-04,Varun,Delhi,Clothing,Hoodie,3,1599,Cash on Delivery,Completed,3.8
1019,2026-08-06,Kiran,Chennai,Electronics,Wireless Mouse,5,650,UPI,Cancelled,
1020,2026-02-11,Kiran,Hyderabad,Books,Data Analytics,2,699,Net Banking,Completed,3.2
1021,2026-08-10,Rohit,Warangal,Home,Water Bottle,4,599,Cash on Delivery,Pending,3.5
1022,2026-01-13,Rahul,Bangalore,Home,Water Bottle,4,599,UPI,Completed,4.4
1023,2026-05-14,Meena,Mumbai,Books,Python Programming,1,799,Card,Completed,4.6
1024,2026-05-08,Kiran,Delhi,Books,Python Programming,3,799,UPI,Completed,3.2
1025,2026-01-27,Swathi,Pune,Electronics,Wireless Mouse,1,650,UPI,Cancelled,
1026,2026-05-17,Sneha,Hyderabad,Electronics,Headphones,3,1800,Cash on Delivery,Cancelled,
1027,2026-06-01,Neha,Mumbai,Home,Coffee Mug,4,299,UPI,Completed,3.6
1028,2026-07-05,Kiran,Bangalore,Books,Python Programming,1,799,Cash on Delivery,Completed,3.5
1029,2026-04-23,Rahul,Bangalore,Electronics,Wireless Mouse,5,650,Net Banking,Completed,3.5
1030,2026-08-12,Rahul,Pune,Clothing,T-Shirt,5,499,Net Banking,Completed,4.3
1031,2026-07-02,Nikhil,Warangal,Home,Coffee Mug,4,299,Card,Completed,3.7
1032,2026-04-26,Sanjay,Warangal,Clothing,Hoodie,5,1599,Net Banking,Completed,4.3
1033,2026-07-20,Divya,Pune,Books,Web Development,1,849,Cash on Delivery,Completed,4.0
1034,2026-07-06,Anil,Warangal,Electronics,Smart Watch,4,3500,Cash on Delivery,Completed,3.0
1035,2026-08-21,Kiran,Bangalore,Electronics,Smart Watch,4,3500,Net Banking,Completed,3.8
1036,2026-08-08,Aisha,Chennai,Electronics,Wireless Mouse,3,650,Cash on Delivery,Completed,3.2
1037,2026-04-22,Nikhil,Bangalore,Home,Desk Lamp,2,1199,UPI,Completed,4.0
1038,2026-07-16,Neha,Hyderabad,Books,Web Development,4,849,Cash on Delivery,Pending,4.8
1039,2026-05-28,Rakesh,Vijayawada,Electronics,Headphones,3,1800,Net Banking,Cancelled,
1040,2026-07-19,Swathi,Delhi,Home,Backpack,1,899,Cash on Delivery,Completed,4.8
1041,2026-04-09,Pooja,Bangalore,Books,Web Development,1,849,Card,Completed,3.0
1042,2026-07-27,Rakesh,Mumbai,Clothing,T-Shirt,3,499,UPI,Pending,3.4
1043,2026-02-17,Vikram,Warangal,Books,Python Programming,5,799,Cash on Delivery,Completed,3.7
1044,2026-06-25,Pooja,Delhi,Electronics,Wireless Mouse,1,650,Card,Completed,4.0
1045,2026-02-20,Vikram,Chennai,Clothing,T-Shirt,5,499,Cash on Delivery,Cancelled,
1046,2026-01-30,Rakesh,Pune,Electronics,Keyboard,5,1200,Net Banking,Completed,4.2
1047,2026-01-04,Nikhil,Mumbai,Home,Water Bottle,3,599,Net Banking,Completed,4.5
1048,2026-02-15,Neha,Pune,Books,Python Programming,5,799,Net Banking,Pending,4.8
1049,2026-02-15,Rakesh,Mumbai,Home,Water Bottle,1,599,Cash on Delivery,Pending,4.1
1050,2026-06-09,Kavya,Hyderabad,Home,Water Bottle,5,599,Card,Completed,3.6
1051,2026-03-08,Kavya,Vijayawada,Books,Data Analytics,2,699,Cash on Delivery,Cancelled,
1052,2026-05-07,Nikhil,Vijayawada,Clothing,T-Shirt,2,499,UPI,Completed,3.6
1053,2026-06-25,Anil,Bangalore,Clothing,Sneakers,3,2499,UPI,Pending,3.6
1054,2026-03-01,Priya,Pune,Clothing,Hoodie,5,1599,Net Banking,Completed,3.0
1055,2026-04-25,Aditya,Hyderabad,Electronics,Wireless Mouse,4,650,Card,Completed,4.2
1056,2026-05-30,Nikhil,Mumbai,Books,Data Analytics,5,699,Card,Completed,4.7
1057,2026-07-07,Meena,Mumbai,Clothing,T-Shirt,3,499,UPI,Pending,4.0
1058,2026-01-06,Varun,Chennai,Clothing,Jeans,4,1299,Cash on Delivery,Pending,3.4
1059,2026-05-24,Aisha,Delhi,Clothing,Hoodie,4,1599,Cash on Delivery,Pending,4.9
1060,2026-04-02,Sneha,Bangalore,Electronics,Wireless Mouse,3,650,UPI,Completed,3.2
1061,2026-05-20,Rakesh,Warangal,Books,Python Programming,1,799,Card,Pending,3.1
1062,2026-08-20,Divya,Pune,Books,Web Development,1,849,Cash on Delivery,Pending,3.6
1063,2026-01-22,Meena,Bangalore,Books,Web Development,5,849,Net Banking,Pending,3.8
1064,2026-03-27,Sneha,Warangal,Electronics,Headphones,5,1800,UPI,Completed,3.7
1065,2026-07-16,Divya,Pune,Books,Python Programming,4,799,Cash on Delivery,Completed,3.0
1066,2026-08-10,Aisha,Delhi,Electronics,Smart Watch,1,3500,UPI,Pending,3.8
1067,2026-06-29,Rakesh,Vijayawada,Electronics,Smart Watch,2,3500,UPI,Completed,4.3
1068,2026-01-16,Swathi,Vijayawada,Home,Water Bottle,4,599,Net Banking,Completed,3.1
1069,2026-05-04,Aditya,Chennai,Electronics,Keyboard,3,1200,UPI,Completed,3.9
1070,2026-03-06,Sanjay,Mumbai,Home,Desk Lamp,3,1199,UPI,Completed,4.3
1071,2026-04-05,Rahul,Pune,Home,Water Bottle,4,599,Cash on Delivery,Cancelled,
1072,2026-08-03,Aisha,Bangalore,Electronics,Keyboard,3,1200,Card,Completed,4.3
1073,2026-04-15,Kavya,Pune,Electronics,Keyboard,3,1200,Cash on Delivery,Completed,4.4
1074,2026-08-05,Priya,Bangalore,Home,Water Bottle,4,599,UPI,Pending,4.9
1075,2026-06-26,Kavya,Hyderabad,Clothing,Sneakers,3,2499,Cash on Delivery,Completed,3.8
1076,2026-01-12,Anil,Hyderabad,Books,Web Development,5,849,Card,Completed,4.4
1077,2026-03-03,Rohit,Chennai,Electronics,Wireless Mouse,1,650,Cash on Delivery,Completed,
1078,2026-05-20,Meena,Hyderabad,Electronics,Wireless Mouse,4,650,Cash on Delivery,Pending,4.8
1079,2026-03-24,Sneha,Chennai,Home,Desk Lamp,4,1199,Net Banking,Completed,4.3
1080,2026-05-03,Divya,Hyderabad,Clothing,Sneakers,4,2499,Cash on Delivery,Pending,4.5
1081,2026-02-11,Sneha,Chennai,Home,Water Bottle,5,599,Cash on Delivery,Completed,3.1
1082,2026-03-16,Neha,Bangalore,Home,Water Bottle,3,599,Card,Completed,4.9
1083,2026-08-18,Rohit,Vijayawada,Home,Desk Lamp,1,1199,Card,Cancelled,
1084,2026-01-27,Sneha,Delhi,Clothing,Sneakers,2,2499,Cash on Delivery,Completed,3.3
1085,2026-03-06,Swathi,Hyderabad,Clothing,Hoodie,5,1599,Cash on Delivery,Cancelled,
1086,2026-02-14,Aditya,Pune,Clothing,Jeans,1,1299,Net Banking,Completed,3.7
1087,2026-07-21,Anil,Pune,Clothing,T-Shirt,3,499,UPI,Completed,3.7
1088,2026-05-06,Vikram,Pune,Electronics,Keyboard,4,1200,Cash on Delivery,Completed,4.5
1089,2026-05-11,Nikhil,Hyderabad,Clothing,Sneakers,1,2499,Net Banking,Pending,3.5
1090,2026-05-14,Rohit,Pune,Electronics,Wireless Mouse,5,650,Cash on Delivery,Completed,3.0
1091,2026-07-22,Anil,Chennai,Electronics,Bluetooth Speaker,5,2200,Net Banking,Completed,3.1
1092,2026-02-16,Varun,Warangal,Clothing,Sneakers,2,2499,UPI,Completed,3.4
1093,2026-05-24,Aisha,Vijayawada,Electronics,Bluetooth Speaker,3,2200,Net Banking,Completed,4.8
1094,2026-06-01,Priya,Bangalore,Clothing,Hoodie,4,1599,Net Banking,Completed,3.7
1095,2026-06-27,Neha,Mumbai,Home,Coffee Mug,4,299,Net Banking,Completed,3.2
1096,2026-07-20,Rohit,Mumbai,Home,Backpack,1,899,Net Banking,Completed,3.8
1097,2026-02-15,Kavya,Chennai,Home,Water Bottle,5,599,Net Banking,Completed,4.6
1098,2026-07-13,Kavya,Chennai,Electronics,Bluetooth Speaker,1,2200,UPI,Completed,4.9
1099,2026-04-28,Varun,Hyderabad,Electronics,Bluetooth Speaker,1,2200,Cash on Delivery,Completed,4.0
1100,2026-03-04,Nikhil,Pune,Electronics,Bluetooth Speaker,2,2200,UPI,Completed,4.9
